<featureType>
    <id>gsmlgs_ShearDisplacementStructure</id>
    <name>ShearDisplacementStructure</name>
    <nativeName>ShearDisplacementStructure</nativeName>
    <namespace>
        <id>gsmlgs_namespace</id>
    </namespace>
    <title>ShearDisplacementStructure</title>
    <abstract>A shear displacement structure includes all brittle to ductile style structures along which displacement has occurred, from a simple, single 'planar' brittle or ductile surface to a fault system comprised of 10's of strands of both brittle and ductile nature. This structure may have some significant thickness (a deformation zone) and have an associated body of deformed rock that may be considered a DeformationUnit.</abstract>
    <srs>EPSG:4283</srs>
    <latLonBoundingBox>
		<minx>140</minx><maxx>150</maxx>
		<miny>-40</miny><maxy>-33</maxy>
        <crs>EPSG:4283</crs>
    </latLonBoundingBox>
    <projectionPolicy>FORCE_DECLARED</projectionPolicy>
    <enabled>true</enabled>
    <metadata>
        <entry key="kml.regionateFeatureLimit">10</entry>
        <entry key="indexingEnabled">false</entry>
        <entry key="cachingEnabled">false</entry>
    </metadata>
    <store class="dataStore">
        <id>gsmlgs_ShearDisplacementStructure_datastore</id>
    </store>
    <maxFeatures>0</maxFeatures>
    <numDecimals>0</numDecimals>
</featureType>