<?xml version="1.0" encoding="UTF-8"?>
<as:AppSchemaDataAccess xmlns:as="http://www.geotools.org/app-schema"
    xmlns:xsi="http://www.w3.org/2001/XMLSchema-instance"
    xsi:schemaLocation="http://www.geotools.org/app-schema AppSchemaDataAccess.xsd">
	<namespaces>
		<Namespace><prefix>gml</prefix><uri>http://www.opengis.net/gml/3.2</uri></Namespace>
		<Namespace><prefix>gsml</prefix><uri>http://xmlns.geosciml.org/GeoSciML-Core/3.2</uri></Namespace>
		<Namespace><prefix>gsmlgu</prefix><uri>http://xmlns.geosciml.org/GeologicUnit/3.2</uri></Namespace>
	  <Namespace><prefix>gsmlga</prefix><uri>http://xmlns.geosciml.org/GeologicAge/3.2</uri></Namespace>
	  <Namespace><prefix>gsmlu</prefix><uri>http://xmlns.geosciml.org/Utilities/3.2</uri></Namespace>
	  <Namespace><prefix>swe</prefix><uri>http://www.opengis.net/swe/2.0</uri></Namespace>
		<Namespace><prefix>gmd</prefix><uri>http://www.isotc211.org/2005/gmd</uri></Namespace>
		<Namespace><prefix>gco</prefix><uri>http://www.isotc211.org/2005/gco</uri></Namespace>
		<Namespace><prefix>xlink</prefix><uri>http://www.w3.org/1999/xlink</uri></Namespace>
		<Namespace><prefix>xsi</prefix><uri>http://www.w3.org/2001/XMLSchema-instance</uri></Namespace>
	</namespaces>	
  <includedTypes><Include>gsmlgu_CompositionPart.xml</Include></includedTypes>
  <sourceDataStores>
		<DataStore>
			<id>datastore</id>
			<parameters>
				<Parameter><name>dbtype</name><value>${cgi.dbtype}</value></Parameter>
				<!--Parameter><name>jndiReferenceName</name><value>${cgi.jndi}</value></Parameter-->
				<Parameter><name>host</name><value>${cgi.host}</value></Parameter>
				<Parameter><name>port</name><value>${cgi.port}</value></Parameter>
				<Parameter><name>database</name><value>${cgi.database}</value></Parameter>
				<Parameter><name>user</name><value>${cgi.user}</value></Parameter>
				<Parameter><name>passwd</name><value>${cgi.passwd}</value></Parameter>
				<Parameter><name>schema</name><value>${cgi.schema}</value></Parameter>
				<Parameter><name>Expose primary keys</name><value>true</value></Parameter>
			</parameters>
		</DataStore>
	</sourceDataStores>
	<!--<catalog>../../../schemas/catalog.xml</catalog>-->
	<targetTypes>
	  <FeatureType><schemaUri>http://schemas.geosciml.org/geologicunit/3.2/geologicUnit.xsd</schemaUri></FeatureType>
	</targetTypes>
	<typeMappings>
		<FeatureTypeMapping>
			<sourceDataStore>datastore</sourceDataStore>
			<sourceType>gsmlgu_geologicunit</sourceType>
			<targetElement>gsmlgu:GeologicUnit</targetElement>			
			<attributeMappings>
				<AttributeMapping>
					<targetAttribute>gsmlgu:GeologicUnit</targetAttribute>
					<idExpression><OCQL>gml_id</OCQL></idExpression>
				</AttributeMapping>
				<AttributeMapping>
					<targetAttribute>gml:description</targetAttribute>
					<sourceExpression><OCQL>gml_description</OCQL></sourceExpression>					
				</AttributeMapping>
				<AttributeMapping>
					<targetAttribute>gml:identifier</targetAttribute>
					<sourceExpression><OCQL>gml_identifier</OCQL></sourceExpression>
					<ClientProperty><name>codeSpace</name><value>'${cgi.codespace}'</value></ClientProperty>
				</AttributeMapping>
				<AttributeMapping>
					<targetAttribute>gml:name</targetAttribute>
					<sourceExpression>
					  <OCQL>id</OCQL>
					  <linkElement>GU_NAME</linkElement>
					  <linkField>FEATURE_LINK</linkField>
					</sourceExpression>
					<isMultiple>true</isMultiple>
				  <ClientProperty><name>codeSpace</name><value>'${cgi.codespace}'</value></ClientProperty>
				</AttributeMapping>
				<AttributeMapping>
					<targetAttribute>gsml:observationMethod</targetAttribute>
					<ClientProperty><name>xsi:nil</name><value>'true'</value></ClientProperty>
					<ClientProperty><name>nilReason</name><value>'unknown'</value></ClientProperty>
				</AttributeMapping>
				<AttributeMapping>
					<targetAttribute>gsml:purpose</targetAttribute>
					<sourceExpression><OCQL>gsml_purpose</OCQL></sourceExpression>						
				</AttributeMapping>
				<AttributeMapping>
					<targetAttribute>gsml:relatedFeature</targetAttribute>				
					<sourceExpression>
						<OCQL>id</OCQL><linkElement>gsmlga:GeologicHistory</linkElement><linkField>FEATURE_LINK</linkField>
					</sourceExpression>
					<isMultiple>true</isMultiple>
				</AttributeMapping>
				<AttributeMapping>
					<targetAttribute>gsml:classifier</targetAttribute>
					<ClientProperty><name>xlink:title</name><value>'template'</value></ClientProperty>
					<ClientProperty><name>xlink:href</name><value>'${nil.template}'</value></ClientProperty>					
				</AttributeMapping>
				<AttributeMapping>
					<targetAttribute>gsml:metadata</targetAttribute>
					<ClientProperty><name>xsi:nil</name><value>'true'</value></ClientProperty>
					<ClientProperty><name>gco:nilReason</name><value>'missing'</value></ClientProperty>					
				</AttributeMapping>
				<AttributeMapping>
					<targetAttribute>gsmlgu:geologicUnitType</targetAttribute>
					<ClientProperty><name>xlink:title</name><value>geologicunittype_title</value></ClientProperty>
					<ClientProperty><name>xlink:href</name><value>geologicunittype_href</value></ClientProperty>					
				</AttributeMapping>
				<AttributeMapping>
					<targetAttribute>gsmlgu:bodyMorphology</targetAttribute>
					<ClientProperty><name>xsi:nil</name><value>'true'</value></ClientProperty>
					<ClientProperty><name>nilReason</name><value>'template'</value></ClientProperty>				
				</AttributeMapping>
				<AttributeMapping>
					<targetAttribute>gsmlgu:unitComposition</targetAttribute>
					<ClientProperty><name>xsi:nil</name><value>'true'</value></ClientProperty>
					<ClientProperty><name>nilReason</name><value>'template'</value></ClientProperty>					
				</AttributeMapping>
				<AttributeMapping>
					<targetAttribute>gsmlgu:exposureColor</targetAttribute>
					<ClientProperty><name>xsi:nil</name><value>'true'</value></ClientProperty>
					<ClientProperty><name>nilReason</name><value>'template'</value></ClientProperty>					
				</AttributeMapping>
				<AttributeMapping>
					<targetAttribute>gsmlgu:outcropCharacter</targetAttribute>
					<ClientProperty><name>xsi:nil</name><value>'true'</value></ClientProperty>
					<ClientProperty><name>nilReason</name><value>'template'</value></ClientProperty>					
				</AttributeMapping>
				<AttributeMapping>
					<targetAttribute>gsmlgu:rank</targetAttribute>
					<ClientProperty><name>xlink:title</name><value>rank_title</value></ClientProperty>
					<ClientProperty><name>xlink:href</name><value>rank_href</value></ClientProperty>	
				</AttributeMapping>
				<AttributeMapping>
					<targetAttribute>gsmlgu:unitThickness</targetAttribute>
					<ClientProperty><name>xsi:nil</name><value>'true'</value></ClientProperty>
					<ClientProperty><name>nilReason</name><value>'template'</value></ClientProperty>					
				</AttributeMapping>
				<AttributeMapping>
					<targetAttribute>gsmlgu:composition</targetAttribute>
					<sourceExpression>
						<OCQL>id</OCQL>
						<linkElement>gsmlgu:CompositionPart</linkElement>
						<linkField>FEATURE_LINK</linkField>
					</sourceExpression>
					<isMultiple>true</isMultiple>
				</AttributeMapping>
				<AttributeMapping>
					<targetAttribute>gsmlgu:metamorphicCharacter</targetAttribute>
					<ClientProperty><name>xsi:nil</name><value>'true'</value></ClientProperty>
					<ClientProperty><name>nilReason</name><value>'template'</value></ClientProperty>					
				</AttributeMapping>
				<AttributeMapping>
					<targetAttribute>gsmlgu:part</targetAttribute>
					<ClientProperty><name>xsi:nil</name><value>'true'</value></ClientProperty>
					<ClientProperty><name>nilReason</name><value>'template'</value></ClientProperty>				
				</AttributeMapping>
				<AttributeMapping>
					<targetAttribute>gsmlgu:physicalProperty</targetAttribute>
					<ClientProperty><name>xsi:nil</name><value>'true'</value></ClientProperty>
					<ClientProperty><name>nilReason</name><value>'template'</value></ClientProperty>					
				</AttributeMapping>
				<AttributeMapping>
					<targetAttribute>gsmlgu:alterationCharacter</targetAttribute>
					<ClientProperty><name>xsi:nil</name><value>'true'</value></ClientProperty>
					<ClientProperty><name>nilReason</name><value>'template'</value></ClientProperty>					
				</AttributeMapping>
				<AttributeMapping>
					<targetAttribute>gsmlgu:bedding</targetAttribute>
					<ClientProperty><name>xsi:nil</name><value>'true'</value></ClientProperty>
					<ClientProperty><name>nilReason</name><value>'template'</value></ClientProperty>					
				</AttributeMapping>
				<AttributeMapping>
					<targetAttribute>gsmlgu:geochemistry</targetAttribute>
					<ClientProperty><name>xsi:nil</name><value>'true'</value></ClientProperty>
					<ClientProperty><name>nilReason</name><value>'template'</value></ClientProperty>		
				</AttributeMapping>
				<AttributeMapping>
					<targetAttribute>FEATURE_LINK</targetAttribute>
					<sourceExpression><OCQL>id</OCQL></sourceExpression>
				</AttributeMapping>
			</attributeMappings>
		</FeatureTypeMapping>
	  <FeatureTypeMapping>
	    <mappingName>GU_NAME</mappingName>
	    <sourceDataStore>datastore</sourceDataStore>
	    <sourceType>gml_name</sourceType>
	    <targetElement>gml:name</targetElement>
	    <attributeMappings>
	      <AttributeMapping>
	        <targetAttribute>gml:name</targetAttribute>
	        <sourceExpression><OCQL>gml_name</OCQL></sourceExpression>
	      </AttributeMapping>
	      <AttributeMapping>
	        <targetAttribute>FEATURE_LINK</targetAttribute>
	        <sourceExpression><OCQL>link_geologicfeature_id</OCQL></sourceExpression>
	      </AttributeMapping>
	    </attributeMappings>
	  </FeatureTypeMapping>
	</typeMappings>
</as:AppSchemaDataAccess>