<dataStore>
    <id>gsmlgs_ShearDisplacementStructure_datastore</id>
    <name>gsmlgs_ShearDisplacementStructure</name>
    <enabled>true</enabled>
    <workspace>
        <id>gsmlgs_workspace</id>
    </workspace>
    <connectionParameters>
        <entry key="namespace">http://xmlns.geosciml.org/GeologicStructure/3.2</entry>
        <entry key="url">file:workspaces/gsmlgs/gsmlgs_ShearDisplacementStructure/gsmlgs_ShearDisplacementStructure.xml</entry>
        <entry key="dbtype">app-schema</entry>
    </connectionParameters>
</dataStore>
