<?xml version="1.0" encoding="UTF-8"?>
<as:AppSchemaDataAccess xmlns:as="http://www.geotools.org/app-schema"
    xmlns:xsi="http://www.w3.org/2001/XMLSchema-instance"
    xsi:schemaLocation="http://www.geotools.org/app-schema AppSchemaDataAccess.xsd">
	<namespaces>
		<Namespace><prefix>gml</prefix><uri>http://www.opengis.net/gml/3.2</uri></Namespace>
		<Namespace><prefix>gsml</prefix><uri>http://xmlns.geosciml.org/GeoSciML-Core/3.2</uri></Namespace>
		<Namespace><prefix>gsmlgs</prefix><uri>http://xmlns.geosciml.org/GeologicStructure/3.2</uri></Namespace>
		<Namespace><prefix>gsmlga</prefix><uri>http://xmlns.geosciml.org/GeologicAge/3.2</uri></Namespace>
		<Namespace><prefix>swe</prefix><uri>http://www.opengis.net/swe/2.0</uri></Namespace>
		<Namespace><prefix>gmd</prefix><uri>http://www.isotc211.org/2005/gmd</uri></Namespace>
		<Namespace><prefix>gco</prefix><uri>http://www.isotc211.org/2005/gco</uri></Namespace>
		<Namespace><prefix>xlink</prefix><uri>http://www.w3.org/1999/xlink</uri></Namespace>
		<Namespace><prefix>xsi</prefix><uri>http://www.w3.org/2001/XMLSchema-instance</uri></Namespace>
	</namespaces>	
	<sourceDataStores>
		<DataStore>
			<id>datastore</id>
			<parameters>
				<Parameter><name>dbtype</name><value>${cgi.dbtype}</value></Parameter>
				<!--Parameter><name>jndiReferenceName</name><value>${cgi.jndi}</value></Parameter-->
				<Parameter><name>host</name><value>${cgi.host}</value></Parameter>
				<Parameter><name>port</name><value>${cgi.port}</value></Parameter>
				<Parameter><name>database</name><value>${cgi.database}</value></Parameter>
				<Parameter><name>user</name><value>${cgi.user}</value></Parameter>
				<Parameter><name>passwd</name><value>${cgi.passwd}</value></Parameter>
				<Parameter><name>schema</name><value>${cgi.schema}</value></Parameter>
				<Parameter><name>Expose primary keys</name><value>true</value></Parameter>
			</parameters>
		</DataStore>
	</sourceDataStores>
	<!--<catalog>../../../schemas/catalog.xml</catalog>-->
	<targetTypes>
		<FeatureType><schemaUri>http://schemas.geosciml.org/geologicstructure/3.2/geologicStructure.xsd</schemaUri></FeatureType>
	</targetTypes>
	<typeMappings>
		<FeatureTypeMapping>
			<sourceDataStore>datastore</sourceDataStore>
			<sourceType>GSMLGS_SHEARDISPSTRUCTURE</sourceType>
			<targetElement>gsmlgs:ShearDisplacementStructure</targetElement>			
			<attributeMappings>
				<AttributeMapping>
					<targetAttribute>gsmlgs:ShearDisplacementStructure</targetAttribute>
					<idExpression><OCQL>GML_ID</OCQL></idExpression>
				</AttributeMapping>
				<AttributeMapping>
					<targetAttribute>gml:description</targetAttribute>
					<sourceExpression><OCQL>GML_DESCRIPTION</OCQL></sourceExpression>
				</AttributeMapping>
				<AttributeMapping>
					<targetAttribute>gml:identifier</targetAttribute>
					<sourceExpression><OCQL>GML_IDENTIFIER</OCQL></sourceExpression>
					<ClientProperty><name>codeSpace</name><value>'${cgi.codespace}'</value></ClientProperty>
				</AttributeMapping>
				<AttributeMapping>
					<targetAttribute>gml:name</targetAttribute>
			    <sourceExpression>
			      <OCQL>id</OCQL>
			      <linkElement>SD_NAME</linkElement>
			      <linkField>FEATURE_LINK</linkField>
			    </sourceExpression>
			    <isMultiple>true</isMultiple>
					<ClientProperty><name>codeSpace</name><value>'${cgi.codespace}'</value></ClientProperty>
				</AttributeMapping>
				<AttributeMapping>
					<targetAttribute>gsml:observationMethod</targetAttribute>
					<ClientProperty><name>xsi:nil</name><value>'true'</value></ClientProperty>
					<ClientProperty><name>nilReason</name><value>'unknown'</value></ClientProperty>
				</AttributeMapping>
				<AttributeMapping>
					<targetAttribute>gsml:purpose</targetAttribute>
					<sourceExpression><OCQL>GSML_PURPOSE</OCQL></sourceExpression>						
				</AttributeMapping>
				<AttributeMapping>
					<targetAttribute>gsml:relatedFeature</targetAttribute>
					<ClientProperty><name>xsi:nil</name><value>'true'</value></ClientProperty>
					<ClientProperty><name>nilReason</name><value>'template'</value></ClientProperty>
				</AttributeMapping>
				<AttributeMapping>
					<targetAttribute>gsml:classifier</targetAttribute>
					<ClientProperty><name>xlink:title</name><value>'template'</value></ClientProperty>
					<ClientProperty><name>xlink:href</name><value>'${nil.template}'</value></ClientProperty>		
				</AttributeMapping>
				<AttributeMapping>
					<targetAttribute>gsml:metadata</targetAttribute>
					<ClientProperty><name>xsi:nil</name><value>'true'</value></ClientProperty>
					<ClientProperty><name>gco:nilReason</name><value>'missing'</value></ClientProperty>					
				</AttributeMapping>
				<AttributeMapping>
					<targetAttribute>gsmlgs:faultType</targetAttribute>
					<ClientProperty><name>xlink:title</name><value>'template'</value></ClientProperty>
					<ClientProperty><name>xlink:href</name><value>'${nil.template}'</value></ClientProperty>	
				</AttributeMapping>
				<AttributeMapping>
					<targetAttribute>gsmlgs:deformationStyle</targetAttribute>
					<ClientProperty><name>xlink:title</name><value>'template'</value></ClientProperty>
					<ClientProperty><name>xlink:href</name><value>'${nil.template}'</value></ClientProperty>
				</AttributeMapping>
				<AttributeMapping>
					<targetAttribute>gsmlgs:planeOrientation</targetAttribute>
					<ClientProperty><name>xsi:nil</name><value>'true'</value></ClientProperty>
					<ClientProperty><name>nilReason</name><value>'template'</value></ClientProperty>					
				</AttributeMapping>
				<AttributeMapping>
					<targetAttribute>gsmlgs:totalDisplacement</targetAttribute>
					<ClientProperty><name>xsi:nil</name><value>'true'</value></ClientProperty>
					<ClientProperty><name>nilReason</name><value>'template'</value></ClientProperty>					
				</AttributeMapping>
				<AttributeMapping>
					<targetAttribute>gsmlgs:physicalProperty</targetAttribute>
					<ClientProperty><name>xsi:nil</name><value>'true'</value></ClientProperty>
					<ClientProperty><name>nilReason</name><value>'template'</value></ClientProperty>					
				</AttributeMapping>
				<AttributeMapping>
					<targetAttribute>gsmlgs:system</targetAttribute>
					<ClientProperty><name>xsi:nil</name><value>'true'</value></ClientProperty>
					<ClientProperty><name>nilReason</name><value>'template'</value></ClientProperty>					
				</AttributeMapping>
				<AttributeMapping>
					<targetAttribute>FEATURE_LINK</targetAttribute>
					<sourceExpression><OCQL>ID</OCQL></sourceExpression>
				</AttributeMapping>
			</attributeMappings>
		</FeatureTypeMapping>
	  <FeatureTypeMapping>
	    <mappingName>SD_NAME</mappingName>
	    <sourceDataStore>datastore</sourceDataStore>
	    <sourceType>GML_NAME</sourceType>
	    <targetElement>gml:name</targetElement>
	    <attributeMappings>
	      <AttributeMapping>
	        <targetAttribute>gml:name</targetAttribute>
	        <sourceExpression><OCQL>GML_NAME</OCQL></sourceExpression>
	      </AttributeMapping>
	      <AttributeMapping>
	        <targetAttribute>FEATURE_LINK</targetAttribute>
	        <sourceExpression><OCQL>LINK_GEOLOGICFEATURE_ID</OCQL></sourceExpression>
				</AttributeMapping>
			</attributeMappings>
		</FeatureTypeMapping>
	</typeMappings>
</as:AppSchemaDataAccess>