<?xml version="1.0" encoding="UTF-8"?>
<wfs:GetFeature xmlns:xsi="http://www.w3.org/2001/XMLSchema-instance"
  xsi:schemaLocation=
  "http://www.opengis.net/wfs/2.0 http://schemas.opengis.net/wfs/2.0/wfs.xsd
  http://www.opengis.net/gml/3.2 http://schemas.opengis.net/gml/3.2.1/gml.xsd"
  xmlns:gsml="http://xmlns.geosciml.org/GeoSciML-Core/3.2"
  xmlns:gsmlgu="http://xmlns.geosciml.org/GeologicUnit/3.2"
  xmlns:gsmlga="http://xmlns.geosciml.org/GeologicAge/3.2"
  xmlns:fes="http://www.opengis.net/fes/2.0"
  xmlns:wfs="http://www.opengis.net/wfs/2.0"
  xmlns:gml="http://www.opengis.net/gml/3.2"
  xmlns:xlink="http://www.w3.org/1999/xlink"
  count="10"
  service="WFS"
  version="2.0.0"
  outputFormat="application/gml+xml; version=3.2">
  <wfs:Query typeNames="gsml:MappedFeature">
    <fes:Filter>
      <fes:Or>
        <fes:PropertyIsEqualTo>
          <fes:ValueReference>
            gsml:specification/gsmlgu:GeologicUnit/gsml:relatedFeature/gsmlga:GeologicHistory/gsml:relatedFeature/gsmlga:GeologicEvent/gsmlga:youngerNamedAge/@xlink:href
          </fes:ValueReference>
          <fes:Literal>
            http://resource.geosciml.org/classifier/ics/ischart/Pliocene
          </fes:Literal>
        </fes:PropertyIsEqualTo>
        <fes:PropertyIsEqualTo>
          <fes:ValueReference>
            gsml:specification/gsmlgu:GeologicUnit/gsml:relatedFeature/gsmlga:GeologicHistory/gsml:relatedFeature/gsmlga:GeologicEvent/gsmlga:youngerNamedAge/@xlink:href
          </fes:ValueReference>
          <fes:Literal>
            http://resource.geosciml.org/classifier/ics/ischart/Piacenzian
          </fes:Literal>
        </fes:PropertyIsEqualTo>
        <fes:PropertyIsEqualTo>
          <fes:ValueReference>
            gsml:specification/gsmlgu:GeologicUnit/gsml:relatedFeature/gsmlga:GeologicHistory/gsml:relatedFeature/gsmlga:GeologicEvent/gsmlga:youngerNamedAge/@xlink:href
          </fes:ValueReference>
          <fes:Literal>
            http://resource.geosciml.org/classifier/ics/ischart/Zanclean
          </fes:Literal>
        </fes:PropertyIsEqualTo>
      </fes:Or>
    </fes:Filter>
  </wfs:Query>
</wfs:GetFeature>