<?xml version="1.0" encoding="UTF-8"?>
<wfs:GetFeature xmlns:xsi="http://www.w3.org/2001/XMLSchema-instance"
  xsi:schemaLocation="http://www.opengis.net/wfs/2.0 http://schemas.opengis.net/wfs/2.0/wfs.xsd
  http://www.opengis.net/gml/3.2 http://schemas.opengis.net/gml/3.2.1/gml.xsd"
  xmlns:gsml="http://xmlns.geosciml.org/GeoSciML-Core/3.2"
  xmlns:fes="http://www.opengis.net/fes/2.0"
  xmlns:wfs="http://www.opengis.net/wfs/2.0"
  xmlns:gml="http://www.opengis.net/gml/3.2"
  service="WFS"
  version="2.0.0"
  outputFormat="application/gml+xml; version=3.2"
  count="10">
  <wfs:Query typeNames="gsml:MappedFeature">
    <fes:Filter>
      <fes:BBOX>
        <fes:ValueReference>gsml:shape</fes:ValueReference>
        <gml:Envelope>
          <gml:lowerCorner>144.0 -37.0</gml:lowerCorner>
          <gml:upperCorner>146.0 -35.0</gml:upperCorner>
        </gml:Envelope>
      </fes:BBOX>
    </fes:Filter>
  </wfs:Query>
</wfs:GetFeature>