<featureType>
    <id>gsmlga_GeologicEvent</id>
    <name>GeologicEvent</name>
    <nativeName>GeologicEvent</nativeName>
    <namespace>
        <id>gsmlga_namespace</id>
    </namespace>
    <title>Geologic Event</title>
    <abstract>An identifiable event during which one or more geological processes act to modify geological entities. A GeologicEvent must have a specified geologic age and may have specified environments and processes. An example might be a cratonic uplift event during which erosion, sedimentation, and volcanism all take place. The numeric or named age attributes of a particular geological event are expressed in terms of years before present (absolute age), referred to the geological time scale, or by comparison with other geological events or features (relative named age). A geologic event age can represent an instant in time or an interval of time.</abstract>
    <srs>EPSG:4283</srs>
    <latLonBoundingBox>
		<minx>140</minx><maxx>150</maxx>
		<miny>-40</miny><maxy>-33</maxy>
        <crs>EPSG:4283</crs>
    </latLonBoundingBox>
    <projectionPolicy>FORCE_DECLARED</projectionPolicy>
    <enabled>true</enabled>
    <metadata>
        <entry key="kml.regionateFeatureLimit">10</entry>
        <entry key="indexingEnabled">false</entry>
        <entry key="cachingEnabled">false</entry>
    </metadata>
    <store class="dataStore">
        <id>gsmlga_GeologicEvent_datastore</id>
    </store>
    <maxFeatures>0</maxFeatures>
    <numDecimals>0</numDecimals>
</featureType>