<featureType>
    <id>gsml_MappedFeature</id>
    <name>MappedFeature</name>
    <nativeName>MappedFeature</nativeName>
    <namespace>
        <id>gsml_namespace</id>
    </namespace>
    <title>Mapped Feature</title>
    <abstract>A MappedFeature is part of a geological interpretation. 
        It provides a link between a notional feature (description package) and one spatial representation of it, or part of it. (Exposures, Surface Traces and Intercepts, etc)
        * the specific bounded occurrence, such as an outcrop or map polygon
        * the Mapped Feature carries a geometry or shape
        - the association with a Geologic Feature (legend item) provides specification of all the other descriptors
        - the association with a Sampling Feature provides the context and dimensionality         
        A Mapped Feature is always associated with some sampling feature - e.g. a mapping surface, a section, a Borehole (see BoreHolesAndObservation) etc.  As noted on the diagram, if the associated sampling feature is a Borehole, then the shape associated with the MappedFeature will usually be either a point or an interval. This reconciles the 2-D ("map", section) and 1-D (borehole, traverse) viewpoints in a common abstraction.</abstract>
    <srs>EPSG:4326</srs>
    <latLonBoundingBox>
		<minx>140</minx><maxx>150</maxx>
		<miny>-40</miny><maxy>-33</maxy>
        <crs>EPSG:4283</crs>
    </latLonBoundingBox>
    <projectionPolicy>FORCE_DECLARED</projectionPolicy>
    <enabled>true</enabled>
    <metadata>
        <entry key="kml.regionateFeatureLimit">10</entry>
        <entry key="indexingEnabled">false</entry>
        <entry key="cachingEnabled">false</entry>
    </metadata>
    <store class="dataStore">
        <id>gsml_MappedFeature_datastore</id>
    </store>
    <maxFeatures>0</maxFeatures>
    <numDecimals>0</numDecimals>
</featureType>