<?xml version="1.0" encoding="UTF-8"?>
<as:AppSchemaDataAccess xmlns:as="http://www.geotools.org/app-schema"
    xmlns:xsi="http://www.w3.org/2001/XMLSchema-instance"
    xsi:schemaLocation="http://www.geotools.org/app-schema AppSchemaDataAccess.xsd">
	<namespaces>
		<Namespace><prefix>gml</prefix><uri>http://www.opengis.net/gml/3.2</uri></Namespace>
		<Namespace><prefix>gsml</prefix><uri>http://xmlns.geosciml.org/GeoSciML-Core/3.2</uri></Namespace>
		<Namespace><prefix>gsmlga</prefix><uri>http://xmlns.geosciml.org/GeologicAge/3.2</uri></Namespace>
		<Namespace><prefix>swe</prefix><uri>http://www.opengis.net/swe/2.0</uri></Namespace>
		<Namespace><prefix>gco</prefix><uri>http://www.isotc211.org/2005/gco</uri></Namespace>
		<Namespace><prefix>xlink</prefix><uri>http://www.w3.org/1999/xlink</uri></Namespace>
		<Namespace><prefix>xsi</prefix><uri>http://www.w3.org/2001/XMLSchema-instance</uri></Namespace>
	</namespaces>	
  <includedTypes>
    <Include>gsmlga_eventProcess.xml</Include>
  </includedTypes>
  <sourceDataStores>
		<DataStore>
			<id>datastore</id>
			<parameters>
				<Parameter><name>dbtype</name><value>${cgi.dbtype}</value></Parameter>
				<!--Parameter><name>jndiReferenceName</name><value>${cgi.jndi}</value></Parameter-->
				<Parameter><name>host</name><value>${cgi.host}</value></Parameter>
				<Parameter><name>port</name><value>${cgi.port}</value></Parameter>
				<Parameter><name>database</name><value>${cgi.database}</value></Parameter>
				<Parameter><name>user</name><value>${cgi.user}</value></Parameter>
				<Parameter><name>passwd</name><value>${cgi.passwd}</value></Parameter>
				<Parameter><name>schema</name><value>${cgi.schema}</value></Parameter>
				<Parameter><name>Expose primary keys</name><value>true</value></Parameter>
			</parameters>
		</DataStore>
	</sourceDataStores>
	<targetTypes>
		<FeatureType><schemaUri>http://schemas.geosciml.org/geologicage/3.2/geologicAge.xsd</schemaUri></FeatureType>
	</targetTypes>
	<typeMappings>
		<FeatureTypeMapping>
			<sourceDataStore>datastore</sourceDataStore>
			<sourceType>gsmlga_geologicevent</sourceType>
			<targetElement>gsmlga:GeologicEvent</targetElement>			
			<attributeMappings>
				<AttributeMapping>
					<targetAttribute>gsmlga:GeologicEvent</targetAttribute>
					<idExpression><OCQL>gml_id</OCQL></idExpression>
				</AttributeMapping>
				<AttributeMapping>
					<targetAttribute>gsml:observationMethod</targetAttribute>
					<ClientProperty><name>xsi:nil</name><value>'true'</value></ClientProperty>
					<ClientProperty><name>nilReason</name><value>'missing'</value></ClientProperty>
				</AttributeMapping>
				<AttributeMapping>
					<targetAttribute>gsml:purpose</targetAttribute>
					<sourceExpression><OCQL>gsml_purpose</OCQL></sourceExpression>						
				</AttributeMapping>
				<AttributeMapping>
					<targetAttribute>gsml:relatedFeature</targetAttribute>
					<ClientProperty><name>xsi:nil</name><value>'true'</value></ClientProperty>
					<ClientProperty><name>nilReason</name><value>'inapplicable'</value></ClientProperty>					
				</AttributeMapping>
				<AttributeMapping>
					<targetAttribute>gsml:classifier</targetAttribute>
					<ClientProperty><name>xlink:title</name><value>'missing'</value></ClientProperty>
					<ClientProperty><name>xlink:href</name><value>'${nil.missing}'</value></ClientProperty>					
				</AttributeMapping>
				<AttributeMapping>
					<targetAttribute>gsml:metadata</targetAttribute>
					<ClientProperty><name>xsi:nil</name><value>'true'</value></ClientProperty>
					<ClientProperty><name>gco:nilReason</name><value>'missing'</value></ClientProperty>					
				</AttributeMapping>
				<AttributeMapping>
					<targetAttribute>gsmlga:eventProcess</targetAttribute>
					<sourceExpression>
						<OCQL>id</OCQL><linkElement>gsmlga_eventProcess</linkElement><linkField>FEATURE_LINK</linkField>
					</sourceExpression>
					<isMultiple>true</isMultiple>
					<ClientProperty><name>xlink:title</name><value>eventprocess_title</value></ClientProperty>
					<ClientProperty><name>xlink:href</name><value>eventprocess_href</value></ClientProperty>	
				</AttributeMapping>
				<AttributeMapping>
					<targetAttribute>gsmlga:numericAgeDate</targetAttribute>
					<ClientProperty><name>xsi:nil</name><value>'true'</value></ClientProperty>
					<ClientProperty><name>nilReason</name><value>'template'</value></ClientProperty>
				</AttributeMapping>
				<AttributeMapping>
					<targetAttribute>gsmlga:olderNamedAge</targetAttribute>
					<ClientProperty><name>xlink:title</name><value>oldernamedage_title</value></ClientProperty>
					<ClientProperty><name>xlink:href</name><value>oldernamedage_href</value></ClientProperty>					
				</AttributeMapping>
				<AttributeMapping>
					<targetAttribute>gsmlga:youngerNamedAge</targetAttribute>
					<ClientProperty><name>xlink:title</name><value>youngernamedage_title</value></ClientProperty>
					<ClientProperty><name>xlink:href</name><value>youngernamedage_href</value></ClientProperty>			
				</AttributeMapping>
				<AttributeMapping>
					<targetAttribute>gsmlga:eventEnvironment</targetAttribute>
					<sourceExpression>
						<OCQL>id</OCQL><linkElement>_gsmlga_eventEnvironment</linkElement><linkField>FEATURE_LINK</linkField>
					</sourceExpression>
					<isMultiple>true</isMultiple>	
				</AttributeMapping>
				<AttributeMapping>
					<targetAttribute>gsmlga:prototype</targetAttribute>
					<ClientProperty><name>xlink:title</name><value>'missing'</value></ClientProperty>
					<ClientProperty><name>xlink:href</name><value>'${nil.missing}'</value></ClientProperty>
				</AttributeMapping>
				<AttributeMapping>
					<targetAttribute>FEATURE_LINK</targetAttribute>
					<sourceExpression><OCQL>id</OCQL></sourceExpression>
				</AttributeMapping>
			</attributeMappings>
		</FeatureTypeMapping>
		<FeatureTypeMapping>
			<mappingName>_gsmlga_eventEnvironment</mappingName>
			<sourceDataStore>datastore</sourceDataStore>
			<sourceType>gsmlga_eventenvironment</sourceType>
			<targetElement>swe:Category</targetElement>
			<attributeMappings>
				<AttributeMapping>
					<targetAttribute>swe:Category</targetAttribute>
					<idExpression><OCQL>strConCat('gsmlga.eventenvironment.', id)</OCQL></idExpression>
				</AttributeMapping>
				<AttributeMapping>
					<targetAttribute>swe:identifier</targetAttribute>
					<sourceExpression><OCQL>swe_category_identifier</OCQL></sourceExpression>
				</AttributeMapping>
				<AttributeMapping>
					<targetAttribute>swe:label</targetAttribute>
					<sourceExpression><OCQL>swe_category_label</OCQL></sourceExpression>
				</AttributeMapping>
				<AttributeMapping>
					<targetAttribute>swe:codeSpace</targetAttribute>
					<sourceExpression><OCQL>swe_category_codespace</OCQL></sourceExpression>
				</AttributeMapping>	
				<AttributeMapping>
					<targetAttribute>FEATURE_LINK</targetAttribute>
					<sourceExpression><OCQL>link_geologicevent_id</OCQL></sourceExpression>
				</AttributeMapping>
			</attributeMappings>
		</FeatureTypeMapping>		
	</typeMappings>
</as:AppSchemaDataAccess>