<wms>
  <id>wms</id>
  <enabled>false</enabled>
  <name>WMS.CGIREFERENCE</name>
  <title>CGI-IUGS Reference WFS</title>
  <maintainer>http://www.geosciml.org</maintainer>
  <abstrct>1:250K GeoSciML portrayal feature types - generated from GeoScience Victoria (http://www.dpi.vic.gov.au/erdd) data.</abstrct>
  <accessConstraints>Copyright � The Commission for the Management and Application of Geoscience Information, 2012</accessConstraints>
  <fees>NONE</fees>
  <versions>
    <org.geotools.util.Version>
      <version>1.1.1</version>
    </org.geotools.util.Version>
    <org.geotools.util.Version>
      <version>1.3.0</version>
    </org.geotools.util.Version>
  </versions>
  <keywords>
    <string>WFS</string>
    <string>GeoSciML</string>
    <string>Portrayal</string>
  </keywords>
  <citeCompliant>false</citeCompliant>
  <onlineResource>http://xxx.geosciml.org/cgi-reference/wms</onlineResource>
  <schemaBaseURL>http://schemas.opengis.net</schemaBaseURL>
  <verbose>false</verbose>
  <metadata>
    <entry key="jpegCompression">25</entry>
    <entry key="pngCompression">25</entry>
    <entry key="kmlSuperoverlayMode">auto</entry>
    <entry key="kmlReflectorMode">refresh</entry>
    <entry key="kmlKmscore">40</entry>
    <entry key="svgAntiAlias">true</entry>
    <entry key="kmlPlacemark">false</entry>
    <entry key="kmlAttr">true</entry>
    <entry key="svgRenderer">Batik</entry>
  </metadata>
  <watermark class="org.geoserver.wms.WatermarkInfoImpl">
    <enabled>false</enabled>
    <position>BOT_RIGHT</position>
    <transparency>0</transparency>
  </watermark>
  <interpolation>Nearest</interpolation>
  <maxBuffer>25</maxBuffer>
  <maxRequestMemory>0</maxRequestMemory>
  <maxRenderingTime>0</maxRenderingTime>
  <maxRenderingErrors>0</maxRenderingErrors>
</wms>