<featureType>
    <id>gsmlgs_Contact</id>
    <name>Contact</name>
    <nativeName>Contact</nativeName>
    <namespace>
        <id>gsmlgs_namespace</id>
    </namespace>
    <title>Contact</title>
    <abstract>Very general concept representing any kind of surface separating two geologic units including primary boundaries such as depositional contacts, all kinds of unconformities, intrusive contacts, and gradational contacts, as well as faults that separate geologic units. Bedding measured as discrete surfaces in the case that those are the feature of interest (e.g. individual cross set surfaces for paleocurrent analysis) should be represented here.</abstract>
    <srs>EPSG:4283</srs>
    <latLonBoundingBox>
		<minx>140</minx><maxx>150</maxx>
		<miny>-40</miny><maxy>-33</maxy>
        <crs>EPSG:4283</crs>
    </latLonBoundingBox>
    <projectionPolicy>FORCE_DECLARED</projectionPolicy>
    <enabled>true</enabled>
    <metadata>
        <entry key="kml.regionateFeatureLimit">10</entry>
        <entry key="indexingEnabled">false</entry>
        <entry key="cachingEnabled">false</entry>
    </metadata>
    <store class="dataStore">
        <id>gsmlgs_Contact_datastore</id>
    </store>
    <maxFeatures>0</maxFeatures>
    <numDecimals>0</numDecimals>
</featureType>