<?xml version="1.0" encoding="UTF-8"?>
<gsmlla:ReferenceSpecimen xmlns:gml="http://www.opengis.net/gml/3.2"
    xmlns:xlink="http://www.w3.org/1999/xlink" 
    xmlns:gco1="http://www.isotc211.org/2005/gco"
    xmlns:gmd="http://www.isotc211.org/2005/gmd" 
    xmlns:om="http://www.opengis.net/om/2.0"
    xmlns:sam="http://www.opengis.net/sampling/2.0"
    xmlns:spec="http://www.opengis.net/samplingSpecimen/2.0"
    xmlns:gsmlb="http://www.opengis.net/gsml/4.1/GeoSciML-Basic"
    xmlns:gsmlla="http://www.opengis.net/gsml/4.1/LaboratoryAnalysis-Specimen"
    xmlns:xsi="http://www.w3.org/2001/XMLSchema-instance"
    xsi:schemaLocation="http://www.opengis.net/gsml/4.1/LaboratoryAnalysis-Specimen http://schemas.opengis.net/gsml/4.1/laboratoryAnalysis-Specimen.xsd"
    gml:id="ID000">
    <!-- generated by SMR 2015-09-30 -->
    <gml:metaDataProperty>
        <gml:GenericMetaData> </gml:GenericMetaData>
    </gml:metaDataProperty>
    <gml:description>description0</gml:description>
    <gml:identifier codeSpace="http://www.oxygenxml.com/">identifier0</gml:identifier>
    <gml:name>name0</gml:name>
    <sam:type xlink:href="http://www.opengis.net/def/samplingFeatureType/OGC-OM/2.0/SF_Specimen"/>
    <sam:sampledFeature>
        <gsmlb:GeologicUnit gml:id="dl37q3w">
            <gml:identifier codeSpace="http://usgs.gov/geolex">P2057nbhj</gml:identifier>
            <gml:name>Exeter Formation</gml:name>
        </gsmlb:GeologicUnit>
    </sam:sampledFeature>
    <sam:lineage>
        <gmd:LI_Lineage>
            <gmd:statement>
                <gco1:CharacterString>sampled from core, pick fresh, unaltered section</gco1:CharacterString>
            </gmd:statement>
        </gmd:LI_Lineage>
    </sam:lineage>
    <sam:relatedSamplingFeature>
        <sam:SamplingFeatureComplex>
            <sam:role xlink:href="http://vocab.org/samplingFeatureComplexRole/215hq5hq4" xlink:title="host borehole"/>
            <sam:relatedSamplingFeature xlink:href="http://boreholeindex.org/borehole/23457y" xlink:title="Texaco Pima 01-10, TD 2578 feet"/>
        </sam:SamplingFeatureComplex>
    </sam:relatedSamplingFeature>
    <spec:materialClass xlink:href="http://vocab.org/lithology/granite"/>
    <spec:samplingTime>
        <gml:TimeInstant gml:id="kq347yqh5">
            <gml:timePosition>2015-07-10T10:11:00</gml:timePosition>
        </gml:TimeInstant>
    </spec:samplingTime>
    <spec:samplingMethod>
        <gsmlla:GeologicSamplingMethod gml:id="k5w7u">
            <gsmlla:method xlink:href="http://vocab.org/geologicSamplingMethod/2u6hwh6" xlink:title="rotary core drilling"/>
            <gsmlla:parameter>
                <om:NamedValue>
                    <om:name xlink:title="core size"/>
                    <om:value>NQ</om:value>
                </om:NamedValue>
            </gsmlla:parameter>
        </gsmlla:GeologicSamplingMethod>        
    </spec:samplingMethod>
    <spec:samplingLocation>
        <gml:Point gml:id="fd238328">
            <gml:pos>22.0 44.78 </gml:pos>
        </gml:Point>
    </spec:samplingLocation>
    <spec:processingDetails>
        <gsmlla:GeologicSpecimenPreparation>
            <spec:time>
                <gml:TimeInstant gml:id="k35uwj">
                    <gml:timePosition>2011-07-05</gml:timePosition>
                </gml:TimeInstant>
            </spec:time>
            <spec:processOperator>
                <gmd:CI_ResponsibleParty>
                    <gmd:individualName>
                        <gco1:CharacterString>Bigguy Bonehead</gco1:CharacterString>
                    </gmd:individualName>
                    <gmd:role>
                        <gmd:CI_RoleCode codeList="http://geosciml.org/classifier/processOperatorRoles" codeListValue="rockcrusher">Rock crusher</gmd:CI_RoleCode>
                    </gmd:role>
                </gmd:CI_ResponsibleParty>
            </spec:processOperator>
            <spec:processingDetails/>
            <gsmlla:preparationMethod xlink:href="http://vocab.org/sampleprepmethod/27uj2ju7"
                xlink:title="pulverize rock"/>
        </gsmlla:GeologicSpecimenPreparation>
    </spec:processingDetails>
    <spec:size uom="m">0.07</spec:size>
    <spec:currentLocation>
        <gmd:EX_GeographicDescription>
            <gmd:geographicIdentifier>
                <gmd:MD_Identifier>
                     <gmd:code>
                        <gco1:CharacterString>USGS Core repository, Denver Federal Center, Lakewood, Colorado, USA</gco1:CharacterString>
                    </gmd:code>
                </gmd:MD_Identifier>
            </gmd:geographicIdentifier>
        </gmd:EX_GeographicDescription>
    </spec:currentLocation>
    <spec:specimenType xlink:href="http://vocab.org/specimentype/2yh2jnbse" xlink:title="core segment"/>
    <gsmlla:usedIn>
        <gsmlla:AnalyticalSession gml:id="ID092">
            <gml:identifier codeSpace="http://labsrus.org/uageochronlab/sessions">37.658</gml:identifier>
            <gml:name>U-Pb isotopic analysis for geochronology</gml:name>
        </gsmlla:AnalyticalSession>
    </gsmlla:usedIn>
</gsmlla:ReferenceSpecimen>
