<?xml version="1.0" encoding="UTF-8"?>
<gsmlb:GeologicEvent xmlns:xlink="http://www.w3.org/1999/xlink"
    xmlns:swe="http://www.opengis.net/swe/2.0" xmlns:gml="http://www.opengis.net/gml/3.2"
    xmlns:sf="http://www.opengis.net/samplingSpatial/2.0"
    xmlns:gsmlgt="http://xmlns.geosciml.org/GeologicTime/4.0"
    xmlns:gsmlb="http://xmlns.geosciml.org/GeoSciML-Basic/4.0"
    xmlns:om="http://www.opengis.net/om/2.0" xmlns:sam="http://www.opengis.net/sampling/2.0"
    xmlns:gsmle="http://xmlns.geosciml.org/GeoSciML-Extension/4.0"
    xmlns:xsi="http://www.w3.org/2001/XMLSchema-instance"
    xsi:schemaLocation="http://xmlns.geosciml.org/GeologicTime/4.0 file:/C:/Workspace/CGI_GeoSciML/GeoSciMLtrunk/schemas/geologicTime.xsd 
    http://xmlns.geosciml.org/GeoSciML-Extension/4.0 file:/C:/Workspace/CGI_GeoSciML/GeoSciMLtrunk/schemas/geoSciMLExtension.xsd"
    gml:id="ID000">
    <gml:identifier codeSpace="http://resource.azgs.az.gov/events/">http://resource.azgs.az.gov/event/234627</gml:identifier>
    <gml:name>Laramide Orogeny</gml:name>
    <gsmlb:relatedFeature>
        <gsmle:GeologicFeatureRelation>
            <gsmlb:relatedFeature>
                <gsmlb:GeologicEvent gml:id="e2637">
                    <gml:identifier codeSpace="http://resource.azgs.az.gov/events/">http://resource.azgs.az.gov/event/1567</gml:identifier>
                    <gml:name>Eocene erosion event</gml:name>
                    <gsmlb:eventProcess
                        xlink:href="http://resource.geosciml.org/classifier/geologicProcess/erosion"/>
                </gsmlb:GeologicEvent>
            </gsmlb:relatedFeature>
            <gsmle:relationship
                xlink:href="http://resource.geosciml.org/classifier/cgi/vocabularyrelation/target_follows_source"
                xlink:title="target follows source"/>
        </gsmle:GeologicFeatureRelation>
    </gsmlb:relatedFeature>
    <gsmlb:classifier>
        <swe:Category>
            <swe:label>Orogenic event</swe:label>
            <swe:codeSpace xlink:href="http://resource.azgs.az.gov/eventType"/>
            <swe:value>http://resource.azgs.az.gov/eventType/0ng4rh</swe:value>
        </swe:Category>
    </gsmlb:classifier>
    <gsmlb:eventProcess/>
    <gsmlb:gaEventDescription>
        <gsmle:GeologicEventDescription>
            <gsmle:prototype>
                <gsmlgt:StratigraphicPoint gml:id="d3267">
                    <sam:sampledFeature/>
                    <sf:shape/>
                    <gsmlgt:primaryGuidingCriterion/>
                </gsmlgt:StratigraphicPoint>
            </gsmle:prototype>
        </gsmle:GeologicEventDescription>
    </gsmlb:gaEventDescription>
</gsmlb:GeologicEvent>
