<?xml version="1.0" encoding="UTF-8"?>
<gsmlb:Contact xmlns:gml="http://www.opengis.net/gml/3.2"
 xmlns:xlink="http://www.w3.org/1999/xlink"
 xmlns:gco="http://www.isotc211.org/2005/gco"
 xmlns:gmd="http://www.isotc211.org/2005/gmd"
 xmlns:gss="http://www.isotc211.org/2005/gss"
 xmlns:gmlexr="http://www.opengis.net/gml/3.3/exr"
 xmlns:gsmlb="http://xmlns.geosciml.org/GeoSciML-Basic/4.0"
 xmlns:sam="http://www.opengis.net/sampling/2.0"
 xmlns:swe="http://www.opengis.net/swe/2.0"
 xmlns:om="http://www.opengis.net/om/2.0"
 xmlns:gsr="http://www.isotc211.org/2005/gsr"
 xmlns:gts="http://www.isotc211.org/2005/gts"
 xmlns:gsmle="http://xmlns.geosciml.org/GeoSciML-Extension/4.0"
 xmlns:gsmlgt="http://xmlns.geosciml.org/GeologicTime/4.0"
 xmlns:xsi="http://www.w3.org/2001/XMLSchema-instance"
 xsi:schemaLocation="http://xmlns.geosciml.org/GeoSciML-Basic/4.0 http://schemas.geosciml.org/geosciml/4.0/geoSciMLBasic.xsd
 http://xmlns.geosciml.org/GeoSciML-Extension/4.0 http://schemas.geosciml.org/geosciml/4.0/geoSciMLExtension.xsd" gml:id="ID000">
 <!-- SMR 2015-10-27 instance doc to experiment with asserted relation between contacts and
asserted relation between events. Updated OLR for validation, 1 Dec 2015 -->
 <gml:name>Disconformity between unit X and unit Y</gml:name>
  <gsmlb:relatedFeature>
  <gsmle:GeologicFeatureRelation gml:id="test1">
   <gsmlb:relatedFeature xlink:href="http://some.org/feature/base_of_unit_x" xlink:title="Base of unit x"/>
   <gsmle:relationship xlink:title="truncates" xlink:href="http://some.org/classifier/featureRelations/truncates"/>
  </gsmle:GeologicFeatureRelation>
 </gsmlb:relatedFeature>
 <gsmlb:classifier>
  <swe:Category>
   <swe:identifier>http://some.org/contactType/erosinal-contact</swe:identifier>
  </swe:Category>
 </gsmlb:classifier>
 <gsmlb:geologicHistory>
  <gsmlb:GeologicEvent gml:id="test2">
   <gml:name>non-deposition between unit X and unit Y</gml:name>
   <gsmlb:relatedFeature>
    <gsmle:GeologicFeatureRelation gml:id="test3">
     <gsmlb:relatedFeature xlink:href="http://some.org/events/35737" xlink:title="disconformity xy"/>
     <gsmle:relationship xlink:href="http://some.org/classifier/featureRelations/younger-than" xlink:title="younger than"/>
    </gsmle:GeologicFeatureRelation>
   </gsmlb:relatedFeature>
   <gsmlb:classifier>
    <swe:Category>
     <swe:identifier>http://some.org/classifier/eventType/period-of-non-deposition</swe:identifier>
    </swe:Category>
   </gsmlb:classifier>
   <gsmlb:olderNamedAge xlink:href="http://resource.geosciml.org/classifier/ics/ischart/Cambrian" xlink:title="Cambrian"/>
   <gsmlb:youngerNamedAge xlink:href="http://resource.geosciml.org/classifier/ics/ischart/Ordovician" xlink:title="Ordovician"/>
  </gsmlb:GeologicEvent>
 </gsmlb:geologicHistory>
 <gsmlb:contactType xlink:href="http://some.org/classifier/contactType/disconformity" xlink:title="disconformity"/>
</gsmlb:Contact>
