<?xml version="1.0" encoding="UTF-8"?>
<gsmlb:NaturalGeomorphologicFeature
 xmlns:xlink="http://www.w3.org/1999/xlink"
 xmlns:gsr="http://www.isotc211.org/2005/gsr"
 xmlns:gco="http://www.isotc211.org/2005/gco"
 xmlns:gts="http://www.isotc211.org/2005/gts"
 xmlns:gss="http://www.isotc211.org/2005/gss"
 xmlns:gmd="http://www.isotc211.org/2005/gmd"
 xmlns:gml="http://www.opengis.net/gml/3.2"
 xmlns:om="http://www.opengis.net/om/2.0"
 xmlns:swe="http://www.opengis.net/swe/2.0"
 xmlns:sam="http://www.opengis.net/sampling/2.0"
 xmlns:gsmlb="http://xmlns.geosciml.org/GeoSciML-Basic/4.0"
 xmlns:xsi="http://www.w3.org/2001/XMLSchema-instance"
 xsi:schemaLocation="http://xmlns.geosciml.org/GeoSciML-Basic/4.0 ../schemas/geoSciMLBasic.xsd" gml:id="GEOMORPH_1">
 <gml:identifier codeSpace="http://data.bgs.ac.uk/">http://data.bgs.ac.uk/ref/625KGeologyMap/GeomorphologicFeature/bgsn_digmap20111213000010001_625k</gml:identifier>
 <gml:name>UNNAMED GLACIAL OUTWASH CHANNEL</gml:name>
 <gsmlb:geologicHistory>
  <gsmlb:GeologicEvent gml:id="EVENT_4">
     <gml:name>DEVENSIAN GLACIATION</gml:name>
   <gsmlb:eventProcess
      xlink:href="http://inspire.ec.europa.eu/codelist/EventProcessValue/waterErosion"
      xlink:title="water erosion"/>
   <gsmlb:olderNamedAge
      xlink:href="http://inspire.ec.europa.eu/codelist/GeochronologicEraValue/latePleistocene"
      xlink:title="Late/Upper Pleistocene"/>
   <gsmlb:youngerNamedAge
      xlink:href="http://inspire.ec.europa.eu/codelist/GeochronologicEraValue/latePleistocene"
      xlink:title="Late/Upper Pleistocene"/>
   <gsmlb:eventEnvironment>
      <swe:Category
       definition="http://inspire.ec.europa.eu/codelist/EventEnvironmentValue">
       <swe:extension>
        <swe:Category
         definition="http://resource.geosciml.org/classifierscheme/cgi/201211/valuequalifier">
         <swe:identifier>http://resource.geosciml.org/classifier/cgi/valuequalifier/always</swe:identifier>
         <swe:label>always</swe:label>
         <swe:codeSpace
          xlink:href="http://resource.geosciml.org/classifierscheme/cgi/201211/valuequalifier"/>
        </swe:Category>
       </swe:extension>
       <swe:identifier>http://inspire.ec.europa.eu/codelist/EventEnvironmentValue/glacialOutwashPlainSetting</swe:identifier>
       <swe:label>glacial outwash plain setting</swe:label>
       <swe:codeSpace
        xlink:href="http://inspire.ec.europa.eu/codelist/EventEnvironmentValue"/>
      </swe:Category>
     </gsmlb:eventEnvironment>
    </gsmlb:GeologicEvent>
 </gsmlb:geologicHistory>
 <gsmlb:naturalGeomorphologicFeatureType
  xlink:href="http://inspire.ec.europa.eu/codelist/NaturalGeomorphologicFeatureTypeValue/glacial"
  xlink:title="glacial, glaciofluvial, glaciolacustrine and glaciomarine features"/>
 <gsmlb:activity
  xlink:href="http://inspire.ec.europa.eu/codelist/GeomorphologicActivityValue/inactive"
  xlink:title="inactive"/>
</gsmlb:NaturalGeomorphologicFeature>
