<?xml version="1.0" encoding="UTF-8"?>
<wfs:FeatureCollection xmlns:xsi="http://www.w3.org/2001/XMLSchema-instance"
 xmlns:xs="http://www.w3.org/2001/XMLSchema"
 xmlns:gml="http://www.opengis.net/gml/3.2"
 xmlns:xlink="http://www.w3.org/1999/xlink"
 xmlns:gmd="http://www.isotc211.org/2005/gmd"
 xmlns:gco="http://www.isotc211.org/2005/gco"
 xmlns:gss="http://www.isotc211.org/2005/gss"
 xmlns:gts="http://www.isotc211.org/2005/gts"
 xmlns:gsr="http://www.isotc211.org/2005/gsr"
 xmlns:swe="http://www.opengis.net/swe/2.0"
 xmlns:sam="http://www.opengis.net/sampling/2.0"
 xmlns:om="http://www.opengis.net/om/2.0"
 xmlns:sams="http://www.opengis.net/samplingSpatial/2.0"
 xmlns:gsmlb="http://xmlns.geosciml.org/GeoSciML-Basic/4.0"
 xmlns:gsmlbh="http://xmlns.geosciml.org/Borehole/4.0"
 xmlns:wfs="http://www.opengis.net/wfs/2.0"
 xsi:schemaLocation="http://xmlns.geosciml.org/GeoSciML-Basic/4.0 ../schemas/geoSciMLBasic.xsd
 http://xmlns.geosciml.org/Borehole/4.0 ../schemas/borehole.xsd
  http://www.opengis.net/wfs/2.0 http://schemas.opengis.net/wfs/2.0/wfs.xsd"
 numberMatched="1" numberReturned="1" timeStamp="2013-03-05T16:05:36">
 <!--  -->
 <!-- All features have been included in a GSML collection as an example -->
 <!--  -->
 <wfs:member>
  <gsmlb:GSML gml:id="col1">
   <!--  -->
   <!-- The metadata for the GSML collection -->
   <!--  -->
   <gml:metaDataProperty>
    <gml:GenericMetaData>
     <gmd:MD_Metadata>
      <gmd:contact>
       <gmd:CI_ResponsibleParty>
        <gmd:organisationName>
         <gco:CharacterString>British Geological Survey (BGS)</gco:CharacterString>
        </gmd:organisationName>
        <gmd:role>
         <gmd:CI_RoleCode codeList="http://www.isotc211.org/2005/resources/Codelist/gmxCodelists.xml#CI_RoleCode" codeListValue="owner">owner</gmd:CI_RoleCode>
        </gmd:role>
       </gmd:CI_ResponsibleParty>
      </gmd:contact>
      <gmd:dateStamp>
       <gco:Date>2011-03-08</gco:Date>
      </gmd:dateStamp>
      <gmd:dataSetURI>
       <gco:CharacterString>http://www.bgs.ac.uk/products/digitalmaps/digmapgb_625.html</gco:CharacterString>
      </gmd:dataSetURI>
      <gmd:identificationInfo>
       <gmd:MD_DataIdentification>
        <gmd:citation>
         <gmd:CI_Citation>
          <gmd:title>
           <gco:CharacterString>BGS 1:625 000 Digital Geological Map</gco:CharacterString>
          </gmd:title>
          <gmd:alternateTitle>
           <gco:CharacterString>BGS 625k Map</gco:CharacterString>
          </gmd:alternateTitle>
          <gmd:date>
           <gmd:CI_Date>
            <gmd:date>
             <gco:Date>2008</gco:Date>
            </gmd:date>
            <gmd:dateType>
             <gmd:CI_DateTypeCode codeList="http://www.isotc211.org/2005/resources/Codelist/gmxCodelists.xml#CI_DateTypeCode" codeListValue="revision">revision</gmd:CI_DateTypeCode>
            </gmd:dateType>
           </gmd:CI_Date>
          </gmd:date>
          <gmd:date>
           <gmd:CI_Date>
            <gmd:date>
             <gco:Date>2008</gco:Date>
            </gmd:date>
            <gmd:dateType>
             <gmd:CI_DateTypeCode codeList="http://www.isotc211.org/2005/resources/Codelist/gmxCodelists.xml#CI_DateTypeCode" codeListValue="validityBegins">validityBegins</gmd:CI_DateTypeCode>
            </gmd:dateType>
           </gmd:CI_Date>
          </gmd:date>
          <gmd:date>
           <gmd:CI_Date>
            <gmd:date>
             <gco:Date>2013</gco:Date>
            </gmd:date>
            <gmd:dateType>
             <gmd:CI_DateTypeCode codeList="http://www.isotc211.org/2005/resources/Codelist/gmxCodelists.xml#CI_DateTypeCode" codeListValue="validityEnds">validityEnds</gmd:CI_DateTypeCode>
            </gmd:dateType>
           </gmd:CI_Date>
          </gmd:date>
         </gmd:CI_Citation>
        </gmd:citation>
        <gmd:abstract>
         <gco:CharacterString>The data shows polygonal and selected linear geological information, sourced
           from published BGS 1:625 000 scale maps of Great Britain. However, geological units are identified
           using the most up-to-date nomenclature that may differ from that on the printed maps. The maps are
           generally based on published material at 1:50 000 scale and compiled using techniques of selection,
           generalisation and exaggeration. The geology is fitted to a relevant topographic base at the time
           of production. Full UK coverage is available. The data is available in vector format. BGS licensing
           terms and conditions apply to external use of the data. The data can be used free of charge for
           non commercial use and is downloadable from the website.</gco:CharacterString>
        </gmd:abstract>
        <gmd:language>
         <gco:CharacterString>eng</gco:CharacterString>
        </gmd:language>
        <gmd:topicCategory>
         <gmd:MD_TopicCategoryCode>geoscientificInformation</gmd:MD_TopicCategoryCode>
        </gmd:topicCategory>
       </gmd:MD_DataIdentification>
      </gmd:identificationInfo>
     </gmd:MD_Metadata>
    </gml:GenericMetaData>
   </gml:metaDataProperty>
   <gml:identifier codeSpace="http://data.bgs.ac.uk">http://data.bgs.ac.uk/id/625KGeologyMap</gml:identifier>
   <gml:name>BGS 1:625 000 Digital Geological Map</gml:name>
   <gsmlb:collectionType
    xlink:href="http://inspire.ec.europa.eu/codelist/CollectionTypeValue/geologicalMap"
    xlink:title="geological map"/>
   <!--  -->
   <!-- A Geologic Unit example -->
   <!--  -->
   <gsmlb:member>
    <gsmlb:MappedFeature gml:id="mf.16">
     <gsmlb:mappingFrame
      xlink:href="http://inspire.ec.europa.eu/codelist/MappingFrameValue/topOfBedrock"
      xlink:title="top of bedrock"/>
     <!--  -->
     <!-- The MappedFeature is specified by a GeologicUnit -->
     <!--  -->
     <gsmlb:specification>
      <gsmlb:GeologicUnit gml:id="INV-SDSM">
       <gml:identifier codeSpace="http://data.bgs.ac.uk/">http://data.bgs.ac.uk/id/Lexicon/NamedRockUnit/INV</gml:identifier>
       <gml:name>INVERCLYDE GROUP</gml:name>
       <!--  -->
       <!-- Example of a thematic classification of a GeologicUnit -->
       <!--  -->
       <gsmlb:classifier
        xlink:href="http://data.bgs.ac.uk/ref/EngineeringGeologyTheme/strongSandstone"
        xlink:title="Engineering Geology theme: Strong Sandstone"/>
       <gsmlb:geologicHistory>
        <gsmlb:GeologicEvent gml:id="EVENT_1">
         <!-- In INSPIRE GeologicEvent is not a type of GeologicFeature and doesn't
    have an inspireId so no need for a gml:identifier here. -->
         <gml:name>UNNAMED EVENT</gml:name>
         <!-- Schema needs fixing to encode eventProcess properly -->
         <gsmlb:eventProcess
          xlink:href="http://inspire.ec.europa.eu/codelist/EventProcessValue/mechanicalDeposition"
          xlink:title="mechanical deposition"/>
         <!-- numericAgeDate is not in INSPIRE model so omit if don't have
    it or don't want to report it -->
         <gsmlb:olderNamedAge
          xlink:href="http://inspire.ec.europa.eu/codelist/GeochronologicEraValue/tournaisian"
          xlink:title="Tournaisian"/>
         <gsmlb:youngerNamedAge
          xlink:href="http://inspire.ec.europa.eu/codelist/GeochronologicEraValue/visean"
          xlink:title="Visean"/>
         <gsmlb:eventEnvironment>
          <swe:Category
           definition="http://inspire.ec.europa.eu/codelist/EventEnvironmentValue">
           <swe:extension>
            <swe:Category
             definition="http://resource.geosciml.org/classifierscheme/cgi/201211/valuequalifier">
             <swe:identifier>http://resource.geosciml.org/classifier/cgi/valuequalifier/always</swe:identifier>
             <swe:label>always</swe:label>
             <swe:codeSpace
              xlink:href="http://resource.geosciml.org/classifierscheme/cgi/201211/valuequalifier"
             />
            </swe:Category>
           </swe:extension>
           <swe:identifier>http://inspire.ec.europa.eu/codelist/EventEnvironmentValue/riverPlainSystemSetting</swe:identifier>
           <swe:label>river plain system setting</swe:label>
           <swe:codeSpace
            xlink:href="http://inspire.ec.europa.eu/codelist/EventEnvironmentValue"
           />
          </swe:Category>
         </gsmlb:eventEnvironment>
        </gsmlb:GeologicEvent>
       </gsmlb:geologicHistory>
       <!--  -->
       <!--  -->
       <gsmlb:geologicUnitType
        xlink:href="http://inspire.ec.europa.eu/codelist/GeologicUnitTypeValue/lithostratigraphicUnit"
        xlink:title="lithostratigraphic unit"/>
       <!--  -->
       <!-- The composition (lithology) of the GeologicUnit -->
       <!-- There are three component lithologies in this example -->
       <!--  -->
       <gsmlb:composition>
        <gsmlb:CompositionPart>
         <gsmlb:role xlink:title="unspecified part role"
          xlink:href="http://inspire.ec.europa.eu/codelist/CompositionPartRoleValue/unspecifiedPartRole"/>
         <gsmlb:material>
          <gsmlb:RockMaterial gml:id="LOCAL_ID_3">
           <gsmlb:lithology
            xlink:href="http://inspire.ec.europa.eu/codelist/LithologyValue/mudstone"
            xlink:title="mudstone"/>
          </gsmlb:RockMaterial>
         </gsmlb:material>
         <gsmlb:proportion>
          <gsmlb:GSML_QuantityRange>
           <swe:uom code="%"
            xlink:href="http://unitsofmeasure/ucum.html#para-29"
            xlink:title="percent"/>
           <swe:value>5.0 50.0</swe:value>
           <gsmlb:lowerValue>5.0</gsmlb:lowerValue>
           <gsmlb:upperValue>50.0</gsmlb:upperValue>
          </gsmlb:GSML_QuantityRange>
         </gsmlb:proportion>
        </gsmlb:CompositionPart>
       </gsmlb:composition>
       <gsmlb:composition>
        <gsmlb:CompositionPart>
         <gsmlb:role xlink:title="unspecified part role"
          xlink:href="http://inspire.ec.europa.eu/codelist/CompositionPartRoleValue/unspecifiedPartRole"/>
         <gsmlb:material>
          <gsmlb:RockMaterial gml:id="LOCAL_ID_4">
           <gsmlb:lithology
            xlink:href="http://inspire.ec.europa.eu/codelist/LithologyValue/sandstone"
            xlink:title="sandstone"/>
          </gsmlb:RockMaterial>
         </gsmlb:material>
         <gsmlb:proportion>
          <gsmlb:GSML_QuantityRange>
           <swe:uom code="%"
            xlink:href="http://unitsofmeasure/ucum.html#para-29"
            xlink:title="percent"/>
           <swe:value>50.0 95.0</swe:value>
           <gsmlb:lowerValue>50.0</gsmlb:lowerValue>
           <gsmlb:upperValue>95.0</gsmlb:upperValue>
          </gsmlb:GSML_QuantityRange>
         </gsmlb:proportion>
        </gsmlb:CompositionPart>
       </gsmlb:composition>
       <gsmlb:composition>
        <gsmlb:CompositionPart>
         <gsmlb:role xlink:title="unspecified part role"
          xlink:href="http://inspire.ec.europa.eu/codelist/CompositionPartRoleValue/unspecifiedPartRole"/>
         <gsmlb:material>
          <gsmlb:RockMaterial gml:id="LOCAL_ID_5">
           <gsmlb:lithology
            xlink:href="http://inspire.ec.europa.eu/codelist/LithologyValue/siltstone"
            xlink:title="siltstone"/>
          </gsmlb:RockMaterial>
         </gsmlb:material>
         <gsmlb:proportion>
          <gsmlb:GSML_QuantityRange>
           <swe:uom code="%"
            xlink:href="http://unitsofmeasure/ucum.html#para-29"
            xlink:title="percent"/>
           <swe:value>5.0 50.0</swe:value>
           <gsmlb:lowerValue>5.0</gsmlb:lowerValue>
           <gsmlb:upperValue>50.0</gsmlb:upperValue>
          </gsmlb:GSML_QuantityRange>
         </gsmlb:proportion>
        </gsmlb:CompositionPart>
       </gsmlb:composition>
      </gsmlb:GeologicUnit>
     </gsmlb:specification>
     <gsmlb:shape>
      <gml:Polygon srsName="urn:ogc:def:crs:EPSG::4326" gml:id="LOCAL_ID_0">
       <gml:exterior>
        <gml:LinearRing>
         <gml:posList srsDimension="2" count="8">55.0760921318516
          -3.31719604609088 55.0833753209835 -3.31853455922777 55.0825574334633
          -3.31921378657955 55.0801997429522 -3.31978309699423 55.0768616358466
          -3.3194575613054 55.0741365291192 -3.31966903508197 55.0756843873373
          -3.31747948721346 55.0760921318516 -3.31719604609088</gml:posList>
        </gml:LinearRing>
       </gml:exterior>
      </gml:Polygon>
     </gsmlb:shape>
    </gsmlb:MappedFeature>
   </gsmlb:member>
   <!--  -->
   <!-- A Fault example -->
   <!--  -->
   <gsmlb:member>
    <gsmlb:MappedFeature gml:id="mf.2">
     <gsmlb:mappingFrame
      xlink:href="http://inspire.ec.europa.eu/codelist/MappingFrameValue/topOfBedrock"
      xlink:title="top of bedrock"/>
     <!--  -->
     <!-- The MappedFeature is specified by a ShearDisplacementStructure (Fault) -->
     <!--  -->
     <gsmlb:specification>
      <gsmlb:ShearDisplacementStructure gml:id="FAULT_ID_1">
       <gml:identifier codeSpace="http://data.bgs.ac.uk/">http://data.bgs.ac.uk/ref/625KGeologyMap/Fault/bgsn_digmap20111213000010000_625k</gml:identifier>
       <gml:name>UNNAMED FAULT</gml:name>
       <gsmlb:purpose>typicalNorm</gsmlb:purpose>
       <gsmlb:geologicHistory>
        <gsmlb:GeologicEvent gml:id="EVENT_2">
         <gml:name>UNNAMED EVENT</gml:name>
         <gsmlb:eventProcess
          xlink:href="http://inspire.ec.europa.eu/codelist/EventProcessValue/faulting"
          xlink:title="faulting"/>
         <gsmlb:olderNamedAge
          xlink:href="http://inspire.ec.europa.eu/codelist/GeochronologicEraValue/tournaisian"
          xlink:title="Tournaisian"/>
         <gsmlb:youngerNamedAge
          xlink:href="http://inspire.ec.europa.eu/codelist/GeochronologicEraValue/tournaisian"
          xlink:title="Tournaisian"/>
         <gsmlb:eventEnvironment>
          <swe:Category
           definition="http://inspire.ec.europa.eu/codelist/EventEnvironmentValue">
           <swe:extension>
            <swe:Category
             definition="http://resource.geosciml.org/classifierscheme/cgi/201211/valuequalifier">
             <swe:identifier>http://resource.geosciml.org/classifier/cgi/valuequalifier/always</swe:identifier>
             <swe:label>always</swe:label>
             <swe:codeSpace
              xlink:href="http://resource.geosciml.org/classifierscheme/cgi/201211/valuequalifier"
             />
            </swe:Category>
           </swe:extension>
           <swe:identifier>http://inspire.ec.europa.eu/codelist/EventEnvironmentValue/crustalSetting</swe:identifier>
           <swe:label>crustal setting</swe:label>
           <swe:codeSpace
            xlink:href="http://inspire.ec.europa.eu/codelist/EventEnvironmentValue"
           />
          </swe:Category>
         </gsmlb:eventEnvironment>
        </gsmlb:GeologicEvent>
       </gsmlb:geologicHistory>
       <gsmlb:faultType
        xlink:href="http://inspire.ec.europa.eu/codelist/FaultTypeValue/normalFault"
        xlink:title="normal fault"/>
      </gsmlb:ShearDisplacementStructure>
     </gsmlb:specification>
     <gsmlb:shape>
      <gml:LineString srsName="urn:ogc:def:crs:EPSG::4326" gml:id="LOCAL_ID_20">
       <gml:posList srsDimension="2" count="7">55.0760921318516
        -3.31719604609088 55.0833753209835 -3.31853455922777 55.0825574334633
        -3.31921378657955 55.0801997429522 -3.31978309699423 55.0768616358466
        -3.3194575613054 55.0741365291192 -3.31966903508197 55.0756843873373
        -3.31747948721346</gml:posList>
      </gml:LineString>
     </gsmlb:shape>
    </gsmlb:MappedFeature>
   </gsmlb:member>
   <!--  -->
   <!-- A Fold example -->
   <!--  -->
   <gsmlb:member>
    <gsmlb:MappedFeature gml:id="mf.3">
     <!--  -->
     <!-- The MappedFeature is specified by a Fold -->
     <!--  -->
     <gsmlb:mappingFrame
      xlink:href="http://inspire.ec.europa.eu/codelist/MappingFrameValue/topOfBedrock"
      xlink:title="top of bedrock"/>
     <gsmlb:specification>
      <gsmlb:Fold gml:id="FOLD_ID_1">
       <gml:identifier codeSpace="http://data.bgs.ac.uk/">http://data.bgs.ac.uk/ref/625KGeologyMap/Fold/bgsn_digmap20111213000010000_625k</gml:identifier>
       <gml:name>UNNAMED FOLD</gml:name>
       <gsmlb:geologicHistory>
        <gsmlb:GeologicEvent gml:id="EVENT_3">
         <gml:name>HERCYNIAN OROGENY</gml:name>
         <gsmlb:eventProcess
          xlink:href="http://inspire.ec.europa.eu/codelist/EventProcessValue/folding"
          xlink:title="folding"/>
         <gsmlb:olderNamedAge
          xlink:href="http://inspire.ec.europa.eu/codelist/GeochronologicEraValue/tournaisian"
          xlink:title="Tournaisian"/>
         <gsmlb:youngerNamedAge
          xlink:href="http://inspire.ec.europa.eu/codelist/GeochronologicEraValue/tournaisian"
          xlink:title="Tournaisian"/>
         <gsmlb:eventEnvironment>
          <swe:Category
           definition="http://inspire.ec.europa.eu/codelist/EventEnvironmentValue">
           <swe:extension>
            <swe:Category
             definition="http://resource.geosciml.org/classifierscheme/cgi/201211/valuequalifier">
             <swe:identifier>http://resource.geosciml.org/classifier/cgi/valuequalifier/always</swe:identifier>
             <swe:label>always</swe:label>
             <swe:codeSpace
              xlink:href="http://resource.geosciml.org/classifierscheme/cgi/201211/valuequalifier"
             />
            </swe:Category>
           </swe:extension>
           <swe:identifier>http://inspire.ec.europa.eu/codelist/EventEnvironmentValue/crustalSetting</swe:identifier>
           <swe:label>crustal setting</swe:label>
           <swe:codeSpace
            xlink:href="http://inspire.ec.europa.eu/codelist/EventEnvironmentValue"
           />
          </swe:Category>
         </gsmlb:eventEnvironment>
        </gsmlb:GeologicEvent>
       </gsmlb:geologicHistory>
       <gsmlb:profileType
        xlink:href="http://inspire.ec.europa.eu/codelist/FoldProfileTypeValue/anticline"
        xlink:title="anticline"/>
      </gsmlb:Fold>
     </gsmlb:specification>
     <gsmlb:shape>
      <gml:LineString srsName="urn:ogc:def:crs:EPSG::4326" gml:id="LOCAL_ID_21">
       <gml:posList srsDimension="2" count="7">55.0760921318516
        -3.31719604609088 55.0833753209835 -3.31853455922777 55.0825574334633
        -3.31921378657955 55.0801997429522 -3.31978309699423 55.0768616358466
        -3.3194575613054 55.0741365291192 -3.31966903508197 55.0756843873373
        -3.31747948721346</gml:posList>
      </gml:LineString>
     </gsmlb:shape>
    </gsmlb:MappedFeature>
   </gsmlb:member>
   <!--  -->
   <!-- A Natural Geomorphologic Feature example -->
   <!--  -->
   <gsmlb:member>
    <gsmlb:MappedFeature gml:id="mf.4">
     <gsmlb:mappingFrame
      xlink:href="http://inspire.ec.europa.eu/codelist/MappingFrameValue/surfaceGeology"
      xlink:title="surface geology"/>
     <!--  -->
     <!-- The MappedFeature is specified by a NaturalGeomorphologicFeature -->
     <!--  -->
     <gsmlb:specification>
      <gsmlb:NaturalGeomorphologicFeature gml:id="GEOMORPH_1">
       <gml:identifier codeSpace="http://data.bgs.ac.uk/">http://data.bgs.ac.uk/ref/625KGeologyMap/GeomorphologicFeature/bgsn_digmap20111213000010001_625k</gml:identifier>
       <gml:name>UNNAMED GLACIAL OUTWASH CHANNEL</gml:name>
       <gsmlb:geologicHistory>
        <gsmlb:GeologicEvent gml:id="EVENT_4">
         <gml:name>DEVENSIAN GLACIATION</gml:name>
         <gsmlb:eventProcess
          xlink:href="http://inspire.ec.europa.eu/codelist/EventProcessValue/waterErosion"
          xlink:title="water erosion"/>
         <gsmlb:olderNamedAge
          xlink:href="http://inspire.ec.europa.eu/codelist/GeochronologicEraValue/latePleistocene"
          xlink:title="Late/Upper Pleistocene"/>
         <gsmlb:youngerNamedAge
          xlink:href="http://inspire.ec.europa.eu/codelist/GeochronologicEraValue/latePleistocene"
          xlink:title="Late/Upper Pleistocene"/>
         <gsmlb:eventEnvironment>
          <swe:Category
           definition="http://inspire.ec.europa.eu/codelist/EventEnvironmentValue">
           <swe:extension>
            <swe:Category
             definition="http://resource.geosciml.org/classifierscheme/cgi/201211/valuequalifier">
             <swe:identifier>http://resource.geosciml.org/classifier/cgi/valuequalifier/always</swe:identifier>
             <swe:label>always</swe:label>
             <swe:codeSpace
              xlink:href="http://resource.geosciml.org/classifierscheme/cgi/201211/valuequalifier"
             />
            </swe:Category>
           </swe:extension>
           <swe:identifier>http://inspire.ec.europa.eu/codelist/EventEnvironmentValue/glacialOutwashPlainSetting</swe:identifier>
           <swe:label>glacial outwash plain setting</swe:label>
           <swe:codeSpace
            xlink:href="http://inspire.ec.europa.eu/codelist/EventEnvironmentValue"
           />
          </swe:Category>
         </gsmlb:eventEnvironment>
        </gsmlb:GeologicEvent>
       </gsmlb:geologicHistory>
       <gsmlb:naturalGeomorphologicFeatureType
        xlink:href="http://inspire.ec.europa.eu/codelist/NaturalGeomorphologicFeatureTypeValue/glacial"
        xlink:title="glacial, glaciofluvial, glaciolacustrine and glaciomarine features"/>
       <gsmlb:activity
        xlink:href="http://inspire.ec.europa.eu/codelist/GeomorphologicActivityValue/inactive"
        xlink:title="inactive"/>
      </gsmlb:NaturalGeomorphologicFeature>
     </gsmlb:specification>
     <gsmlb:shape>
      <gml:LineString srsName="urn:ogc:def:crs:EPSG::4326" gml:id="LOCAL_ID_22">
       <gml:posList srsDimension="2" count="7">55.0760921318516
        -3.31719604609088 55.0833753209835 -3.31853455922777 55.0825574334633
        -3.31921378657955 55.0801997429522 -3.31978309699423 55.0768616358466
        -3.3194575613054 55.0741365291192 -3.31966903508197 55.0756843873373
        -3.31747948721346</gml:posList>
      </gml:LineString>
     </gsmlb:shape>
    </gsmlb:MappedFeature>
   </gsmlb:member>
   <!--  -->
   <!-- Borehole example -->
   <!--  -->
   <gsmlb:member>
    <gsmlbh:Borehole gml:id="bh.ns94se5">
     <gml:identifier codeSpace="http://data.bgs.ac.uk/id/Borehole">NS94SE5</gml:identifier>
     <sam:sampledFeature xlink:href="#PEAT"/>
     <sam:sampledFeature xlink:href="#INV-MDST"/>
     <sams:shape>
      <gml:LineString gml:id="bh.ns94se5.shape"
       srsName="urn:ogc:def:crs:EPSG:6.15:7405">
       <gml:posList srsDimension="3" count="7">-30.7111 134.2059 321. -30.7112
        134.2058 315. -30.7113 134.2057 303. -30.7114 134.2056 296. -30.7115
        134.2055 272. -30.7116 134.2054 271. -30.7117 134.2053
        270.</gml:posList>
      </gml:LineString>
     </sams:shape>
     <gsmlbh:referenceLocation>
      <gsmlbh:OriginPosition gml:id="op1">
       <gsmlbh:location>
        <gml:Point gml:id="pt1" srsName="urn:ogc:def:crs:EPSG:6.15:27700"
         srsDimension="2">
         <gml:pos>-30.7 134.2</gml:pos>
        </gml:Point>
       </gsmlbh:location>
       <gsmlbh:elevation srsName="urn:ogc:def:crs:EPSG:6.15:5701"
        srsDimension="1">321.0</gsmlbh:elevation>
      </gsmlbh:OriginPosition>
     </gsmlbh:referenceLocation>
     <gsmlbh:indexData>
      <gsmlbh:BoreholeDetails>
       <gsmlbh:purpose
        xlink:href="http://inspire.ec.europa.eu/codelist/BoreholePurposeValue/geologicalSurvey"
        xlink:title="geological Survey"/>
       <gsmlbh:boreholeLength>
        <swe:Quantity>
         <swe:uom code="m"
          xlink:href="http://www.opengis.net/def/uom/OGC/1.0/metre"
          xlink:title="metre"/>
         <swe:value>51.0</swe:value>
        </swe:Quantity>
       </gsmlbh:boreholeLength>
      </gsmlbh:BoreholeDetails>
     </gsmlbh:indexData>
     <!--  -->
     <!-- The borehole log is given as a series of logElemants (MappedIntervals) -->
     <!--  -->
     <gsmlbh:logElement>
      <gsmlbh:BoreholeInterval gml:id="mi1">
       <!--  -->
       <!-- The MappedInterval is specified by a GeologicUnit -->
       <!--  -->
       <gsmlbh:specification>
        <gsmlb:GeologicUnit gml:id="PEAT">
         <gml:identifier codeSpace="http://data.bgs.ac.uk/id/Lexicon/NamedRockUnit">PEAT</gml:identifier>
         <gml:name>PEAT</gml:name>
         <gsmlb:geologicHistory>
          <gsmlb:GeologicEvent gml:id="EVENT_10">
           <gml:name>UNNAMED EVENT</gml:name>
           <gsmlb:eventProcess
            xlink:href="http://inspire.ec.europa.eu/codelist/EventProcessValue/inSituOrganismicGrowth"
            xlink:title="in-situ organismic growth"/>
           <gsmlb:olderNamedAge
            xlink:href="http://inspire.ec.europa.eu/codelist/GeochronologicEraValue/holocene"
            xlink:title="Holocene"/>
           <gsmlb:youngerNamedAge
            xlink:href="http://inspire.ec.europa.eu/codelist/GeochronologicEraValue/holocene"
            xlink:title="Holocene"/>
           <gsmlb:eventEnvironment>
            <swe:Category
             definition="http://inspire.ec.europa.eu/codelist/EventEnvironmentValue">
             <swe:extension>
              <swe:Category
               definition="http://resource.geosciml.org/classifierscheme/cgi/201211/valuequalifier">
               <swe:identifier>http://resource.geosciml.org/classifier/cgi/valuequalifier/always</swe:identifier>
               <swe:label>always</swe:label>
               <swe:codeSpace
                xlink:href="http://resource.geosciml.org/classifierscheme/cgi/201211/valuequalifier"
               />
              </swe:Category>
             </swe:extension>
             <swe:identifier>http://inspire.ec.europa.eu/codelist/EventEnvironmentValue/bogSetting</swe:identifier>
             <swe:label>bog setting</swe:label>
             <swe:codeSpace
              xlink:href="http://inspire.ec.europa.eu/codelist/EventEnvironmentValue"
             />
            </swe:Category>
           </gsmlb:eventEnvironment>
          </gsmlb:GeologicEvent>
         </gsmlb:geologicHistory>
         <gsmlb:geologicUnitType
          xlink:href="http://inspire.ec.europa.eu/codelist/GeologicUnitTypeValue/lithodemicUnit"
          xlink:title="lithodemic unit"/>
         <gsmlb:composition>
          <gsmlb:CompositionPart>
           <gsmlb:role xlink:title="unspecified part role"
            xlink:href="http://inspire.ec.europa.eu/codelist/CompositionPartRoleValue/unspecifiedPartRole"/>
           <gsmlb:material>
            <gsmlb:RockMaterial gml:id="LOCAL_ID_30">
             <gsmlb:lithology
              xlink:href="http://inspire.ec.europa.eu/codelist/LithologyValue/peat"
              xlink:title="peat"/>
            </gsmlb:RockMaterial>
           </gsmlb:material>
           <gsmlb:proportion>
            <gsmlb:GSML_QuantityRange
             xmlns="http://xmlns.geosciml.org/Utilities/3.2">
             <swe:uom code="%"
              xlink:href="http://unitsofmeasure/ucum.html#para-29"
              xlink:title="percent"/>
             <swe:value>100.0 100.0</swe:value>
             <gsmlb:lowerValue>100.0</gsmlb:lowerValue>
             <gsmlb:upperValue>100.0</gsmlb:upperValue>
            </gsmlb:GSML_QuantityRange>
           </gsmlb:proportion>
          </gsmlb:CompositionPart>
         </gsmlb:composition>
        </gsmlb:GeologicUnit>
       </gsmlbh:specification>
       <gsmlbh:mappedIntervalBegin>
        <swe:Quantity>
         <swe:uom code="m"
          xlink:href="http://www.opengis.net/def/uom/OGC/1.0/metre"
          xlink:title="metre"/>
         <swe:value>0.0</swe:value>
        </swe:Quantity>
       </gsmlbh:mappedIntervalBegin>
       <gsmlbh:mappedIntervalEnd>
        <swe:Quantity>
         <swe:uom code="m"
          xlink:href="http://www.opengis.net/def/uom/OGC/1.0/metre"
          xlink:title="metre"/>
         <swe:value>2.0</swe:value>
        </swe:Quantity>
       </gsmlbh:mappedIntervalEnd>
       <gsmlbh:shape>
        <gml:LineString gml:id="ls1" srsName="#bh.ns94se5.shape">
         <gml:posList srsDimension="1" count="2">0.0 2.0</gml:posList>
        </gml:LineString>
       </gsmlbh:shape>
      </gsmlbh:BoreholeInterval>
     </gsmlbh:logElement>
     <gsmlbh:logElement>
      <gsmlbh:BoreholeInterval gml:id="mi2">
       <gsmlbh:specification>
        <gsmlb:GeologicUnit gml:id="INV-MDST">
         <gml:identifier codeSpace="http://data.bgs.ac.uk/id/Lexicon/NamedRockUnit">INV</gml:identifier>
         <gml:name>INVERCLYDE GROUP</gml:name>
         <gsmlb:geologicHistory>
          <gsmlb:GeologicEvent gml:id="EVENT_11">
           <gml:name>UNNAMED EVENT</gml:name>
           <gsmlb:eventProcess
            xlink:href="http://inspire.ec.europa.eu/codelist/EventProcessValue/mechanicalDeposition"
            xlink:title="mechanical deposition"/>
           <gsmlb:olderNamedAge
            xlink:href="http://inspire.ec.europa.eu/codelist/GeochronologicEraValue/tournaisian"
            xlink:title="Tournaisian"/>
           <gsmlb:youngerNamedAge
            xlink:href="http://inspire.ec.europa.eu/codelist/GeochronologicEraValue/visean"
            xlink:title="Visean"/>
           <gsmlb:eventEnvironment>
            <swe:Category
             definition="http://inspire.ec.europa.eu/codelist/EventEnvironmentValue">
             <swe:extension>
              <swe:Category
               definition="http://resource.geosciml.org/classifierscheme/cgi/201211/valuequalifier">
               <swe:identifier>http://resource.geosciml.org/classifier/cgi/valuequalifier/always</swe:identifier>
               <swe:label>always</swe:label>
               <swe:codeSpace
                xlink:href="http://resource.geosciml.org/classifierscheme/cgi/201211/valuequalifier"
               />
              </swe:Category>
             </swe:extension>
             <swe:identifier>http://inspire.ec.europa.eu/codelist/EventEnvironmentValue/riverPlainSystemSetting</swe:identifier>
             <swe:label>river plain system setting</swe:label>
             <swe:codeSpace
              xlink:href="http://inspire.ec.europa.eu/codelist/EventEnvironmentValue"
             />
            </swe:Category>
           </gsmlb:eventEnvironment>
          </gsmlb:GeologicEvent>
         </gsmlb:geologicHistory>
         <gsmlb:geologicUnitType
          xlink:href="http://inspire.ec.europa.eu/codelist/GeologicUnitTypeValue/lithostratigraphicUnit"
          xlink:title="lithostratigraphic Unit"/>
         <gsmlb:composition>
          <gsmlb:CompositionPart>
           <gsmlb:role xlink:title="unspecified part role"
            xlink:href="http://inspire.ec.europa.eu/codelist/CompositionPartRoleValue/unspecifiedPartRole"/>
           <gsmlb:material>
            <gsmlb:RockMaterial gml:id="LOCAL_ID_31">
             <gsmlb:lithology
              xlink:href="http://inspire.ec.europa.eu/codelist/LithologyValue/mudstone"
              xlink:title="mudstone"/>
            </gsmlb:RockMaterial>
           </gsmlb:material>
           <gsmlb:proportion>
            <gsmlb:GSML_QuantityRange
             xmlns="http://xmlns.geosciml.org/Utilities/3.2">
             <swe:uom code="%"
              xlink:href="http://unitsofmeasure/ucum.html#para-29"
              xlink:title="percent"/>
             <swe:value>100.0 100.0</swe:value>
             <gsmlb:lowerValue>100.0</gsmlb:lowerValue>
             <gsmlb:upperValue>100.0</gsmlb:upperValue>
            </gsmlb:GSML_QuantityRange>
           </gsmlb:proportion>
          </gsmlb:CompositionPart>
         </gsmlb:composition>
        </gsmlb:GeologicUnit>
       </gsmlbh:specification>
       <gsmlbh:mappedIntervalBegin>
        <swe:Quantity>
         <swe:uom code="m"
          xlink:href="http://www.opengis.net/def/uom/OGC/1.0/metre"
          xlink:title="metre"/>
         <swe:value>2.0</swe:value>
        </swe:Quantity>
       </gsmlbh:mappedIntervalBegin>
       <gsmlbh:mappedIntervalEnd>
        <swe:Quantity>
         <swe:uom code="m"
          xlink:href="http://www.opengis.net/def/uom/OGC/1.0/metre"
          xlink:title="metre"/>
         <swe:value>51.0</swe:value>
        </swe:Quantity>
       </gsmlbh:mappedIntervalEnd>
       <gsmlbh:shape>
        <gml:LineString gml:id="ls2" srsName="#bh.ns94se5.shape"
         srsDimension="1">
         <gml:pos>2.0</gml:pos>
         <gml:pos>51.0</gml:pos>
        </gml:LineString>
       </gsmlbh:shape>
      </gsmlbh:BoreholeInterval>
     </gsmlbh:logElement>
    </gsmlbh:Borehole>
   </gsmlb:member>
  </gsmlb:GSML>
 </wfs:member>
</wfs:FeatureCollection>
